disease_count,No,Yes
0,0.8073301950235373,0.1926698049764627
1,0.7674192292720903,0.2325807707279097
2,0.6990917081746264,0.3009082918253736
3,0.6315261044176707,0.3684738955823293
4,0.5801526717557252,0.4198473282442748
5,0.42857142857142855,0.5714285714285714
